,gender,major,grade,origin,money,1010,1011,1012,1013,0010,0011,0012,0013,2110,2111,2112,2113,0000,0001,0002,0003,2000,2001,2002,2003,0110,0111,0112,0113,0100,0101,0102,0103,1100,1101,1102,1103,2010,2011,2012,2013,2100,2101,2102,2103,1110,1111,1112,1113,1000,1001,1002,1003
0,1,3,2,0,3000,0.4353637081969708,0.0,0.5646362918030291,0.0,0.0,0.0,1.0,0.0,1.0,0.0,0.0,0.0,0.0,0.0,0.0,1.0,1.0,0.0,0.0,0.0,1.0,0.0,0.0,0.0,0.0,1.0,0.0,0.0,0.0,0.0,1.0,0.0,1.0,0.0,0.0,0.0,1.0,0.0,0.0,0.0,1.0,0.0,0.0,0.0,1.0,0.0,0.0,0.0
1,1,1,2,2,4503,0.0,0.0,0.2728917836588705,0.7271082163411295,0.0,0.0,0.35434369377420455,0.6456563062257955,0.0,1.0,0.0,0.0,0.0,0.0,0.0,1.0,0.0,1.0,0.0,0.0,0.0,1.0,0.0,0.0,0.0,0.0,0.0,1.0,0.0,0.0,0.0,1.0,0.0,0.549833997312478,0.0,0.45016600268752216,0.0,1.0,0.0,0.0,0.0,1.0,0.0,0.0,0.0,0.0,0.0,1.0
2,2,2,2,2,2134,0.0,0.0,1.0,0.0,0.0,0.0,0.549833997312478,0.45016600268752216,0.36586440898919936,0.6341355910108007,0.0,0.0,0.0,0.0,0.0,1.0,1.0,0.0,0.0,0.0,0.0,0.0,1.0,0.0,0.0,0.0,0.0,1.0,0.0,0.0,1.0,0.0,0.35434369377420455,0.6456563062257955,0.0,0.0,1.0,0.0,0.0,0.0,0.0,1.0,0.0,0.0,0.0,0.0,0.0,1.0
3,2,2,2,1,2604,0.2699758398557849,0.32321976309873884,0.4068043970454762,0.0,0.0,0.0,0.549833997312478,0.45016600268752216,0.5547792351072147,0.4452207648927852,0.0,0.0,0.0,0.0,0.40371730070321216,0.5962826992967879,0.5768852611320463,0.42311473886795364,0.0,0.0,0.0,1.0,0.0,0.0,0.0,0.0,0.40371730070321216,0.5962826992967879,0.0,0.0,0.4950001666600003,0.5049998333399998,0.0,1.0,0.0,0.0,0.5,0.5,0.0,0.0,0.0,1.0,0.0,0.0,0.0,0.4329070950345457,0.5670929049654544,0.0
4,1,2,1,0,3000,0.3991075544087392,0.26752979424443746,0.3333626513468233,0.0,0.18949627721583118,0.2557932188026536,0.34528472931897763,0.20942577466253756,0.35434369377420455,0.6456563062257954,0.0,0.0,0.1640510111688096,0.20037235752054888,0.36510223971676076,0.27047439159388065,0.5249791874789399,0.47502081252106,0.0,0.0,0.0,0.2802445380385441,0.2802445380385441,0.4395109239229118,0.0,0.5249791874789399,0.0,0.47502081252106,0.34425334574357264,0.34425334574357264,0.0,0.3114933085128548,0.0,1.0,0.0,0.0,0.47502081252106,0.52497918747894,0.0,0.0,0.0,1.0,0.0,0.0,0.3322249935333473,0.3671654011109255,0.3006096053557273,0.0
5,1,2,4,0,2600,0.0,0.0,1.0,0.0,0.0,0.0,1.0,0.0,0.0,1.0,0.0,0.0,0.0,0.0,1.0,0.0,1.0,0.0,0.0,0.0,0.0,0.5274723043445938,0.47252769565540637,0.0,0.0,0.0,1.0,0.0,0.0,0.0,1.0,0.0,1.0,0.0,0.0,0.0,0.598687660112452,0.401312339887548,0.0,0.0,0.0,1.0,0.0,0.0,0.0,0.0,1.0,0.0
6,1,2,1,0,2000,0.2744288724902695,0.2137254207928246,0.34539618164118857,0.16644952507571734,0.2113793089424408,0.348505562839296,0.2581792709602878,0.18193585725797537,0.29774498619340756,0.3098961895918625,0.22057491088870285,0.17178391332602713,0.1886235407171234,0.1886235407171234,0.3269323211887876,0.29582059737696564,0.549833997312478,0.45016600268752216,0.0,0.0,0.2650166219495493,0.48289176927025773,0.25209160878019304,0.0,0.23749771736187905,0.23749771736187905,0.32058838556012864,0.20441617971611326,0.2525645202280605,0.22852982837064914,0.3409264421110551,0.1779792092902353,0.425557483188341,0.574442516811659,0.0,0.0,0.598687660112452,0.401312339887548,0.0,0.0,0.3775406687981454,0.6224593312018546,0.0,0.0,0.3581547316164598,0.26532755100484395,0.3765177173786963,0.0
7,1,1,2,0,4000,0.39453864797055865,0.0,0.43169404253720817,0.17376730949223318,0.17338099310705285,0.2858569312707103,0.3491464442932477,0.19161563132898912,0.0,1.0,0.0,0.0,0.0,0.0,0.54487889237358,0.45512110762641994,0.679178699175393,0.0,0.320821300824607,0.0,0.16090656064327305,0.3653383197984497,0.31444960594425425,0.15930551361402293,0.2548151753259713,0.15926006257158618,0.3207103821954492,0.26521437990699337,0.3637756007387806,0.0,0.3824267746235046,0.2537976246377147,0.6856801139382538,0.31431988606174616,0.0,0.0,0.4812495486668864,0.313057208239301,0.2056932430938127,0.0,0.3843557638472315,0.42477881239871174,0.1908654237540567,0.0,0.0,0.23676497037267075,0.5216870895817355,0.24154794004559382
8,2,1,2,0,1500,0.7251194977898231,0.0,0.2748805022101769,0.0,0.27090114795186654,0.2500732779292725,0.47902557411886104,0.0,0.0,1.0,0.0,0.0,0.5,0.0,0.5,0.0,1.0,0.0,0.0,0.0,0.0,1.0,0.0,0.0,0.35893259366518293,0.6410674063348171,0.0,0.0,0.4900013331200346,0.5099986668799655,0.0,0.0,0.0,1.0,0.0,0.0,1.0,0.0,0.0,0.0,0.0,1.0,0.0,0.0,0.6681877721681662,0.3318122278318339,0.0,0.0
9,1,2,2,0,1728,0.3732592695296584,0.3086701622665783,0.31807056820376334,0.0,0.0,0.0,0.6456563062257954,0.35434369377420455,0.425557483188341,0.574442516811659,0.0,0.0,0.0,0.0,0.6899744811276125,0.31002551887238755,0.6659669267518202,0.3340330732481797,0.0,0.0,0.0,0.0,1.0,0.0,0.0,0.0,1.0,0.0,0.0,0.0,0.6899744811276125,0.31002551887238755,0.0,1.0,0.0,0.0,1.0,0.0,0.0,0.0,0.0,1.0,0.0,0.0,0.0,0.0,1.0,0.0
10,1,2,2,0,2000,0.3445124804315058,0.40026639681258097,0.25522112275591324,0.0,0.26978195653053394,0.23220348188138876,0.29815517257909463,0.1998593890089827,0.425557483188341,0.574442516811659,0.0,0.0,0.26030254669389874,0.0,0.3513716852892231,0.3883257680168782,0.35434369377420455,0.6456563062257955,0.0,0.0,0.3513716852892231,0.3883257680168782,0.26030254669389874,0.0,0.2894331103942646,0.3198730563359196,0.3906938332698157,0.0,0.3527346186815586,0.3859531487339249,0.26131223258451647,0.0,0.0,1.0,0.0,0.0,0.401312339887548,0.598687660112452,0.0,0.0,0.0,1.0,0.0,0.0,0.33331071917524063,0.4071066317249888,0.2595826490997705,0.0
11,1,2,1,0,3020,0.0,0.0,1.0,0.0,0.0,0.0,1.0,0.0,1.0,0.0,0.0,0.0,0.0,0.0,0.6659669267518202,0.3340330732481797,0.6410674063348171,0.35893259366518293,0.0,0.0,0.0,1.0,0.0,0.0,0.0,0.0,1.0,0.0,0.0,1.0,0.0,0.0,1.0,0.0,0.0,0.0,1.0,0.0,0.0,0.0,1.0,0.0,0.0,0.0,0.0,1.0,0.0,0.0
12,1,2,1,0,3000,0.0,0.34978145142617295,0.650218548573827,0.0,0.0,0.0,1.0,0.0,0.35434369377420455,0.6456563062257955,0.0,0.0,0.0,0.0,1.0,0.0,1.0,0.0,0.0,0.0,0.0,0.0,1.0,0.0,0.0,0.0,1.0,0.0,0.0,0.0,0.36354745971843366,0.6364525402815664,0.574442516811659,0.0,0.0,0.425557483188341,1.0,0.0,0.0,0.0,0.0,1.0,0.0,0.0,0.35663485430559827,0.0,0.6433651456944018,0.0
13,1,1,2,2,2500,0.0,0.0,0.6813537337890255,0.31864626621097447,0.0,0.0,1.0,0.0,0.0,1.0,0.0,0.0,0.0,0.0,0.0,1.0,0.6410674063348171,0.0,0.35893259366518293,0.0,0.0,0.0,0.0,1.0,0.0,0.0,0.0,1.0,0.0,0.0,1.0,0.0,0.0,1.0,0.0,0.0,1.0,0.0,0.0,0.0,0.0,1.0,0.0,0.0,0.2973393456552685,0.0,0.7026606543447315,0.0
14,1,2,3,0,2273,0.0,0.3452465393936808,0.6547534606063192,0.0,0.0,0.4182406231581638,0.5817593768418363,0.0,0.0,1.0,0.0,0.0,0.0,0.0,0.5523079095743253,0.4476920904256748,0.6524894621927445,0.34751053780725555,0.0,0.0,0.0,0.0,1.0,0.0,0.0,0.0,0.3965167501352737,0.6034832498647262,0.0,0.0,0.0,1.0,0.0,0.5527381894809739,0.22027669324274823,0.22698511727627793,0.4492628361654439,0.3041764916823564,0.2465606721521998,0.0,0.3078904956982118,0.6921095043017882,0.0,0.0,0.6082590307465144,0.0,0.3917409692534856,0.0
15,1,1,3,0,772,0.323004143761477,0.0,0.676995856238523,0.0,0.0,0.27025462243186854,0.4924360284255462,0.23730934914258522,0.5293031541912719,0.25763950438933036,0.21305734141939775,0.0,0.0,0.0,1.0,0.0,0.6410674063348171,0.35893259366518293,0.0,0.0,0.0,1.0,0.0,0.0,0.3384968407970476,0.6615031592029524,0.0,0.0,0.25,0.25,0.25,0.25,0.25,0.25,0.25,0.25,0.676995856238523,0.323004143761477,0.0,0.0,0.0,1.0,0.0,0.0,0.6681877721681662,0.0,0.3318122278318339,0.0
16,1,2,1,0,2729,0.21503348864754876,0.0,0.5903961646933384,0.19457034665911283,0.22149827475441197,0.2171123150540098,0.5613894101915783,0.0,0.0,1.0,0.0,0.0,0.0,0.24881429155390197,0.3981014216757344,0.35308428677036363,0.7251194977898231,0.0,0.0,0.2748805022101769,0.6524894621927445,0.34751053780725555,0.0,0.0,0.44306995923887893,0.18749040656396412,0.18194922763319288,0.18749040656396412,0.6130141761393355,0.38698582386066455,0.0,0.0,0.0,0.7271082163411295,0.0,0.2728917836588705,0.3908841837867287,0.29542391089820125,0.31369190531507,0.0,0.0,0.7251194977898231,0.0,0.2748805022101769,0.2911098274338801,0.0,0.7088901725661199,0.0
17,2,4,1,0,2500,0.5374298453437495,0.0,0.46257015465625045,0.0,0.0,0.0,1.0,0.0,0.0,1.0,0.0,0.0,0.0,0.0,1.0,0.0,1.0,0.0,0.0,0.0,1.0,0.0,0.0,0.0,0.0,0.0,1.0,0.0,1.0,0.0,0.0,0.0,0.0,1.0,0.0,0.0,1.0,0.0,0.0,0.0,0.0,1.0,0.0,0.0,0.0,0.0,1.0,0.0
18,2,2,2,1,1655,0.426281141723905,0.2316202288257538,0.3420986294503412,0.0,0.23663389978821994,0.19181171123081908,0.3637672427760112,0.20778714620494992,0.6177478747692489,0.382252125230751,0.0,0.0,0.21372539301370228,0.19338673278323906,0.3704401824358946,0.22244769176716392,0.6271477663131956,0.3728522336868044,0.0,0.0,0.2117696750279009,0.24359310857710403,0.34914916770775395,0.19548804868724104,0.21035843774209892,0.25693237606046393,0.1961369073158032,0.3365722788816339,0.3505744475437603,0.22805186650481837,0.21910982491680495,0.2022638610346164,0.6130141761393355,0.38698582386066455,0.0,0.0,0.5695462239392289,0.43045377606077095,0.0,0.0,0.0,1.0,0.0,0.0,0.4506267059556897,0.24730917976320385,0.30206411428110647,0.0
19,2,4,2,0,3283,0.413355289175716,0.33842668719560093,0.24821802362868314,0.0,0.0,0.0,1.0,0.0,0.0,1.0,0.0,0.0,0.0,0.0,1.0,0.0,0.0,1.0,0.0,0.0,0.35434369377420455,0.6456563062257955,0.0,0.0,1.0,0.0,0.0,0.0,1.0,0.0,0.0,0.0,0.0,1.0,0.0,0.0,0.5,0.5,0.0,0.0,0.0,1.0,0.0,0.0,0.6456563062257955,0.35434369377420455,0.0,0.0
20,1,2,2,0,3000,0.31962205803296123,0.26168440827366074,0.41869353369337814,0.0,0.2019619468596703,0.30129182030897,0.4967462328313597,0.0,0.5,0.5,0.0,0.0,0.0,0.401312339887548,0.598687660112452,0.0,0.6681877721681662,0.3318122278318339,0.0,0.0,0.0,0.6899744811276125,0.31002551887238755,0.0,0.0,0.47673002738803977,0.26163498630598014,0.26163498630598014,0.33758453779871644,0.41232668557957836,0.25008877662170526,0.0,0.5,0.5,0.0,0.0,0.574442516811659,0.425557483188341,0.0,0.0,0.0,1.0,0.0,0.0,0.3791524530939888,0.31042377345300565,0.31042377345300565,0.0
21,1,4,3,1,2000,0.2380774360690375,0.2966627531635324,0.46525981076743,0.0,0.0,0.0,1.0,0.0,0.6318124177361016,0.3681875822638983,0.0,0.0,0.0,0.3407396115486146,0.6592603884513855,0.0,0.6878313305828404,0.3121686694171596,0.0,0.0,0.0,0.44275214540144436,0.5572478545985555,0.0,0.0,0.36354745971843366,0.6364525402815664,0.0,0.0,0.0,0.5817593768418363,0.4182406231581638,0.0,1.0,0.0,0.0,0.6502185485738271,0.34978145142617295,0.0,0.0,0.0,1.0,0.0,0.0,0.44028635073280703,0.0,0.5597136492671929,0.0
22,2,1,2,0,3001,0.24407005817646663,0.18262873247023087,0.37146524542218556,0.2018359639311169,0.3154535286122,0.30308441883393694,0.0,0.38146205255386306,0.3705168880326052,0.6294831119673949,0.0,0.0,0.0,0.35893259366518293,0.6410674063348171,0.0,0.3751935255315707,0.6248064744684293,0.0,0.0,0.0,0.2648152113089147,0.4366064716899568,0.29857831700112847,0.0,0.2996931337796966,0.3624038014437389,0.3379030647765645,0.41924994559907525,0.19606912408241836,0.20002998312675546,0.1846509471917509,0.3941263315682394,0.6058736684317606,0.0,0.0,0.45264238185691075,0.5473576181430893,0.0,0.0,0.3121686694171596,0.6878313305828404,0.0,0.0,0.26025941708527256,0.2655170060649774,0.47422357684975003,0.0
23,1,1,2,1,2000,0.0,0.7271082163411295,0.2728917836588705,0.0,0.20113992117276192,0.0,0.44319098348946445,0.35566909533777363,0.0,1.0,0.0,0.0,0.0,0.0,1.0,0.0,0.4476920904256748,0.5523079095743253,0.0,0.0,0.0,0.0,1.0,0.0,0.0,0.0,1.0,0.0,0.0,0.0,1.0,0.0,0.0,1.0,0.0,0.0,0.6479408020806502,0.35205919791934975,0.0,0.0,0.0,1.0,0.0,0.0,0.0,0.0,1.0,0.0
24,2,4,2,0,2000,0.41955006988430016,0.0,0.3721075312064975,0.20834239890920228,0.2693074991777379,0.0,0.4017595785333555,0.3289329222889067,1.0,0.0,0.0,0.0,0.198905802672665,0.0,0.4005470986636675,0.4005470986636675,1.0,0.0,0.0,0.0,0.43782349911420193,0.0,0.0,0.5621765008857981,0.3495311635482931,0.0,0.2016619385312586,0.44880689792044826,0.5621765008857981,0.0,0.0,0.43782349911420193,0.0,1.0,0.0,0.0,1.0,0.0,0.0,0.0,0.31002551887238755,0.6899744811276125,0.0,0.0,0.6456563062257954,0.0,0.35434369377420455,0.0
25,2,2,2,0,3084,0.4671229162194683,0.3100062401934571,0.22287084358707465,0.0,0.0,1.0,0.0,0.0,0.0,1.0,0.0,0.0,0.5523079095743253,0.4476920904256748,0.0,0.0,0.45264238185691075,0.5473576181430893,0.0,0.0,0.48001065984441826,0.5199893401555818,0.0,0.0,0.4950001666600003,0.5049998333399998,0.0,0.0,0.4950001666600003,0.5049998333399998,0.0,0.0,0.0,1.0,0.0,0.0,0.4925005624493796,0.5074994375506203,0.0,0.0,0.0,1.0,0.0,0.0,1.0,0.0,0.0,0.0
26,1,1,2,0,1200,0.48001065984441826,0.0,0.5199893401555818,0.0,0.401312339887548,0.0,0.598687660112452,0.0,0.3775406687981454,0.6224593312018546,0.0,0.0,0.425557483188341,0.0,0.574442516811659,0.0,1.0,0.0,0.0,0.0,0.4639634279648093,0.0,0.25462852798915997,0.28140804404603065,0.45186276187760605,0.0,0.27406861906119695,0.27406861906119695,0.6456563062257955,0.0,0.35434369377420455,0.0,0.33758453779871644,0.41232668557957836,0.25008877662170526,0.0,0.6456563062257955,0.0,0.35434369377420455,0.0,0.45016600268752216,0.549833997312478,0.0,0.0,0.549833997312478,0.0,0.45016600268752216,0.0
27,1,1,2,0,3940,0.0,0.47252769565540637,0.5274723043445938,0.0,0.0,0.0,1.0,0.0,0.4925005624493796,0.5074994375506204,0.0,0.0,0.0,0.0,1.0,0.0,0.4900013331200346,0.5099986668799655,0.0,0.0,0.0,0.542397940774351,0.45760205922564895,0.0,0.3078904956982118,0.6921095043017882,0.0,0.0,0.0,0.6899744811276125,0.31002551887238755,0.0,1.0,0.0,0.0,0.0,0.4336496081482853,0.4003090418858413,0.16604134996587339,0.0,0.0,1.0,0.0,0.0,0.4925005624493796,0.5074994375506203,0.0,0.0
28,1,1,2,0,3000,0.26052359423772586,0.0,0.45155330593819915,0.287923099824075,0.0,0.0,0.549833997312478,0.45016600268752216,0.3775406687981454,0.6224593312018546,0.0,0.0,0.0,0.0,0.598687660112452,0.401312339887548,0.43920314910210867,0.2663901757727681,0.29440667512512325,0.0,0.0,0.5,0.5,0.0,0.0,0.0,0.598687660112452,0.401312339887548,0.0,0.0,0.598687660112452,0.401312339887548,0.3775406687981454,0.6224593312018546,0.0,0.0,0.6456563062257955,0.35434369377420455,0.0,0.0,0.0,0.6456563062257955,0.35434369377420455,0.0,0.3289329222889067,0.2693074991777379,0.4017595785333555,0.0
29,2,1,2,0,3300,0.0,0.574442516811659,0.425557483188341,0.0,0.0,0.0,1.0,0.0,1.0,0.0,0.0,0.0,0.0,1.0,0.0,0.0,1.0,0.0,0.0,0.0,0.0,1.0,0.0,0.0,0.0,1.0,0.0,0.0,1.0,0.0,0.0,0.0,1.0,0.0,0.0,0.0,1.0,0.0,0.0,0.0,0.0,1.0,0.0,0.0,0.0,0.598687660112452,0.401312339887548,0.0
30,1,1,2,0,2664,0.41083900633033815,0.18645714472199879,0.4027038489476631,0.0,0.49750002083312495,0.0,0.5024999791668749,0.0,0.6813537337890255,0.31864626621097447,0.0,0.0,0.2951613523655744,0.0,0.45829916244359536,0.24653948519083027,0.5914589784327802,0.40854102156721994,0.0,0.0,0.43263961599961737,0.23042031227216866,0.33694007172821394,0.0,0.6835208937363156,0.31647910626368436,0.0,0.0,0.6813537337890255,0.31864626621097447,0.0,0.0,0.35663485430559827,0.6433651456944018,0.0,0.0,0.6856801139382538,0.31431988606174616,0.0,0.0,0.0,1.0,0.0,0.0,0.5473576181430893,0.0,0.45264238185691075,0.0
31,2,1,2,0,2528,0.5399148845555657,0.0,0.46008511544443426,0.0,0.0,0.0,0.35434369377420455,0.6456563062257955,0.6224593312018546,0.3775406687981454,0.0,0.0,0.0,0.0,0.0,1.0,1.0,0.0,0.0,0.0,0.0,0.3513716852892231,0.26030254669389874,0.3883257680168782,0.0,0.0,0.0,1.0,0.0,0.549833997312478,0.45016600268752216,0.0,0.6899744811276125,0.31002551887238755,0.0,0.0,0.598687660112452,0.401312339887548,0.0,0.0,0.0,1.0,0.0,0.0,0.549833997312478,0.0,0.45016600268752216,0.0
32,1,1,2,0,5976,0.3709462155201138,0.31295427088389943,0.31609951359598665,0.0,0.3366721665289847,0.33332222249999355,0.3300056109710218,0.0,0.5,0.5,0.0,0.0,0.30803365613517264,0.17950607478514233,0.30803365613517264,0.20442661294451228,0.5079344147998658,0.24972300772708497,0.24234257747304924,0.0,0.0,0.3039074194986569,0.3602229386840115,0.33586964181733153,0.0,0.0,0.5199893401555817,0.48001065984441826,0.25,0.25,0.25,0.25,0.25,0.25,0.25,0.25,0.25,0.25,0.25,0.25,0.25,0.25,0.25,0.25,0.25,0.25,0.25,0.25
33,2,2,2,1,3000,0.4134651348710878,0.2771539682409194,0.3093808968879928,0.0,0.0,0.0,1.0,0.0,0.0,1.0,0.0,0.0,0.0,0.0,1.0,0.0,0.6456563062257955,0.35434369377420455,0.0,0.0,0.0,0.35434369377420455,0.6456563062257955,0.0,0.0,0.0,1.0,0.0,1.0,0.0,0.0,0.0,0.45016600268752216,0.549833997312478,0.0,0.0,0.549833997312478,0.45016600268752216,0.0,0.0,0.0,1.0,0.0,0.0,0.6456563062257955,0.35434369377420455,0.0,0.0
34,1,2,2,0,2906,0.7170752854929725,0.0,0.2829247145070275,0.0,0.34274535097495884,0.2590413637264102,0.3982132852986309,0.0,0.5914589784327802,0.40854102156721994,0.0,0.0,0.3874078155406945,0.0,0.391301328816591,0.22129085564271445,0.6681877721681662,0.3318122278318339,0.0,0.0,0.5299640517645717,0.4700359482354282,0.0,0.0,0.5399148845555657,0.46008511544443426,0.0,0.0,0.6341355910108007,0.36586440898919936,0.0,0.0,0.6130141761393355,0.38698582386066455,0.0,0.0,0.6615031592029524,0.3384968407970476,0.0,0.0,0.0,1.0,0.0,0.0,0.5621765008857981,0.43782349911420193,0.0,0.0
35,2,3,4,0,4000,0.0,0.0,1.0,0.0,0.0,0.0,1.0,0.0,0.0,1.0,0.0,0.0,0.0,0.0,1.0,0.0,1.0,0.0,0.0,0.0,0.0,0.0,1.0,0.0,0.0,0.0,1.0,0.0,0.549833997312478,0.45016600268752216,0.0,0.0,0.0,1.0,0.0,0.0,0.0,1.0,0.0,0.0,0.0,1.0,0.0,0.0,0.0,0.5,0.5,0.0
36,1,2,2,0,1500,0.0,0.0,1.0,0.0,0.0,0.0,1.0,0.0,0.0,0.0,1.0,0.0,0.0,0.0,1.0,0.0,1.0,0.0,0.0,0.0,0.0,0.0,1.0,0.0,0.0,0.0,1.0,0.0,0.0,0.0,1.0,0.0,0.0,1.0,0.0,0.0,0.574442516811659,0.425557483188341,0.0,0.0,0.0,1.0,0.0,0.0,0.6224593312018546,0.0,0.3775406687981454,0.0
37,2,2,1,2,2229,0.3179524413669292,0.21527188619095403,0.22405729852826253,0.24271837391385434,0.23217394064448688,0.36412122026601995,0.1998339626307478,0.20387087645874552,0.17591521636089769,0.4687183962831577,0.17768319367797225,0.17768319367797225,0.31151012725549954,0.24504254510356346,0.22172366382046851,0.22172366382046851,0.31732847297602856,0.3237389333587885,0.17767169368397173,0.18126089998121123,0.3195999791868489,0.32605632703894655,0.1789435063010532,0.17540018747315136,0.0,0.522943955131338,0.23733539226072753,0.23972065260793438,0.274186730642809,0.3450914219095705,0.1932161234429005,0.18750572400472001,0.0,1.0,0.0,0.0,0.30817185969407074,0.5030339251124449,0.0,0.18879421519348433,0.21270781854223442,0.5724466137990728,0.0,0.21484556765869275,0.3254844680924438,0.49044578529969146,0.0,0.1840697466078648
38,1,1,1,0,3000,0.0,0.0,1.0,0.0,0.0,0.0,1.0,0.0,0.35434369377420455,0.6456563062257955,0.0,0.0,0.0,0.0,1.0,0.0,0.6456563062257955,0.35434369377420455,0.0,0.0,0.0,0.0,1.0,0.0,0.0,0.0,1.0,0.0,0.3210045042272492,0.3242306531295036,0.35476484264324715,0.0,0.45016600268752216,0.549833997312478,0.0,0.0,0.6456563062257955,0.35434369377420455,0.0,0.0,0.0,1.0,0.0,0.0,0.0,0.0,1.0,0.0
39,1,2,3,0,3050,0.2370063569697633,0.0,0.4820688583202099,0.28092478471002674,0.19315183422551407,0.0,0.42559006125727683,0.38125810451720904,0.6570104626734988,0.3429895373265012,0.0,0.0,0.18091748161969562,0.16207205570680558,0.346554822724898,0.3104556399486007,0.46281524896636045,0.3228952425485,0.2142895084851395,0.0,0.5299640517645717,0.4700359482354282,0.0,0.0,0.3624038014437389,0.2996931337796966,0.3379030647765645,0.0,0.39772673387363383,0.3191831803858112,0.28309008574055494,0.0,0.0,1.0,0.0,0.0,0.5547792351072147,0.4452207648927852,0.0,0.0,0.0,1.0,0.0,0.0,0.28427637708505604,0.3507055293738235,0.3650180935411206,0.0
40,2,2,3,0,2868,0.44348246987626094,0.2246757550555745,0.3318417750681646,0.0,0.23604425704863213,0.16468249004785576,0.3486328341671273,0.2506404187363847,0.32739298293223956,0.6726070170677604,0.0,0.0,0.1731717009173573,0.156692234734957,0.3384186008107046,0.33171746353698106,0.6502185485738271,0.34978145142617295,0.0,0.0,0.2553925609944013,0.48921487801119745,0.0,0.2553925609944013,0.2543868845806029,0.34338637668294697,0.20211892783542623,0.20010781090102386,0.3530877947710911,0.2668580145944466,0.18432799208610848,0.1957261985483538,0.382252125230751,0.617747874769249,0.0,0.0,0.6615031592029524,0.3384968407970476,0.0,0.0,0.0,1.0,0.0,0.0,0.40479883239560494,0.22892403727558486,0.36627713032881026,0.0
41,1,1,2,1,763,0.0,0.7170752854929725,0.2829247145070275,0.0,0.0,0.0,1.0,0.0,1.0,0.0,0.0,0.0,0.0,0.0,0.5,0.5,1.0,0.0,0.0,0.0,0.5,0.0,0.0,0.5,0.0,0.0,0.0,1.0,0.0,0.0,1.0,0.0,1.0,0.0,0.0,0.0,1.0,0.0,0.0,0.0,0.0,1.0,0.0,0.0,1.0,0.0,0.0,0.0
42,2,2,2,0,8000,0.21687758724390885,0.5074169642485157,0.27570544850757545,0.0,0.0,0.574442516811659,0.425557483188341,0.0,0.0,1.0,0.0,0.0,0.0,0.3883257680168782,0.3513716852892231,0.26030254669389874,0.31002551887238755,0.6899744811276125,0.0,0.0,0.35434369377420455,0.6456563062257955,0.0,0.0,0.0,0.5197504560675451,0.2581004381220255,0.22214910581042943,0.31042377345300565,0.0,0.3791524530939888,0.31042377345300565,0.24905089565026092,0.37154027710073806,0.20390562735048398,0.175503199898517,0.43782349911420193,0.5621765008857981,0.0,0.0,0.0,1.0,0.0,0.0,0.35434369377420455,0.6456563062257955,0.0,0.0
43,1,1,2,0,3000,0.39625340046336543,0.4165697467478499,0.1871768527887847,0.0,0.0,0.574442516811659,0.425557483188341,0.0,0.6294831119673949,0.3705168880326052,0.0,0.0,0.31666098616374166,0.35703426491763895,0.3263047489186195,0.0,0.5473576181430893,0.45264238185691075,0.0,0.0,0.0,0.0,0.0,1.0,0.0,1.0,0.0,0.0,0.35893259366518293,0.6410674063348171,0.0,0.0,0.6224593312018546,0.3775406687981454,0.0,0.0,0.54487889237358,0.45512110762641994,0.0,0.0,0.0,1.0,0.0,0.0,0.5174928576663897,0.48250714233361036,0.0,0.0
44,1,1,1,0,2902,0.5914589784327802,0.0,0.40854102156721994,0.0,0.0,0.0,1.0,0.0,1.0,0.0,0.0,0.0,0.0,0.0,1.0,0.0,0.6813537337890255,0.31864626621097447,0.0,0.0,0.0,0.3178658040057026,0.35129604243783624,0.33083815355646123,0.0,0.0,0.6479408020806502,0.35205919791934975,0.0,0.0,1.0,0.0,1.0,0.0,0.0,0.0,1.0,0.0,0.0,0.0,0.0,1.0,0.0,0.0,0.0,0.0,1.0,0.0
45,2,4,1,0,4095,0.5324543063873187,0.0,0.4675456936126812,0.0,0.0,0.0,0.4775151752081999,0.5224848247918001,0.598687660112452,0.401312339887548,0.0,0.0,0.0,0.0,0.4925005624493796,0.5074994375506204,0.6813537337890255,0.31864626621097447,0.0,0.0,0.5034140036827967,0.0,0.2681141708735134,0.22847182544368994,0.0,0.5719961329315186,0.42800386706848137,0.0,0.0,0.0,1.0,0.0,0.0,1.0,0.0,0.0,0.6878313305828404,0.3121686694171596,0.0,0.0,0.0,0.0,0.0,1.0,0.43931170261444863,0.0,0.36329282512522837,0.19739547226032308
46,1,1,2,0,4981,0.47012091320935195,0.2794965429334721,0.25038254385717595,0.0,0.0,0.0,1.0,0.0,0.6433651456944018,0.35663485430559827,0.0,0.0,0.0,0.0,1.0,0.0,1.0,0.0,0.0,0.0,0.5,0.5,0.0,0.0,0.0,1.0,0.0,0.0,1.0,0.0,0.0,0.0,1.0,0.0,0.0,0.0,1.0,0.0,0.0,0.0,0.0,1.0,0.0,0.0,0.386239491221482,0.306880254389259,0.306880254389259,0.0
47,1,2,1,0,2000,0.27091207765069353,0.0,0.7290879223493065,0.0,0.28905049737499605,0.0,0.7109495026250039,0.0,0.5009140557215576,0.26946392998840074,0.2296220142900417,0.0,0.0,0.0,1.0,0.0,0.4462354331246132,0.32080924357155954,0.23295532330382712,0.0,0.45016600268752216,0.0,0.549833997312478,0.0,0.32415430040547355,0.3766135661387097,0.2992321334558167,0.0,0.7271082163411295,0.0,0.2728917836588705,0.0,1.0,0.0,0.0,0.0,1.0,0.0,0.0,0.0,0.2728917836588705,0.7271082163411295,0.0,0.0,0.5160956410998069,0.2250431359752262,0.258861222924967,0.0
48,1,2,2,0,2148,0.5,0.0,0.5,0.0,0.24924314919825552,0.0,0.4109324816594495,0.33982436914229497,0.0,1.0,0.0,0.0,0.2342700154947436,0.0,0.4398678594973522,0.3258621250079043,0.6034832498647262,0.3965167501352737,0.0,0.0,0.30416799155347846,0.0,0.28933354355695334,0.4064984648895682,0.0,0.0,0.4900013331200346,0.5099986668799655,0.6201064323430902,0.0,0.0,0.37989356765690985,0.0,1.0,0.0,0.0,0.5962826992967878,0.40371730070321216,0.0,0.0,0.23019832002340965,0.4194486867329657,0.3503529932436246,0.0,0.6524894621927445,0.34751053780725555,0.0,0.0
49,1,1,4,0,1498,0.24808597896682685,0.2456174822316065,0.2582105598347396,0.24808597896682685,0.27839837403095224,0.24446034021229263,0.24691720747687873,0.2302240782798765,0.5299640517645717,0.4700359482354282,0.0,0.0,0.30790679301112034,0.247100989411766,0.22583330013478853,0.2191589174423252,0.2586835721191838,0.2510383171654353,0.30054743211933915,0.18973067859604179,0.27530987171255694,0.31353069611572026,0.2491106734802013,0.16204875869152144,0.3650302546416489,0.3270065625239731,0.30796318283437796,0.0,0.31321749050611897,0.25901806468485344,0.2642505766826244,0.16351386812640306,0.32840714075432176,0.28837280977805557,0.22013788970886963,0.16308215975875304,0.3321063795465621,0.24850310437511156,0.2138886041020472,0.20550191197627923,0.31559678653645495,0.22917030264699798,0.24578702448941014,0.20944588632713693,0.3007900349357418,0.2588923822983648,0.2667768291453772,0.1735407536205162
50,1,2,2,0,3057,0.6637386974043527,0.0,0.3362613025956473,0.0,1.0,0.0,0.0,0.0,1.0,0.0,0.0,0.0,1.0,0.0,0.0,0.0,1.0,0.0,0.0,0.0,1.0,0.0,0.0,0.0,1.0,0.0,0.0,0.0,0.5149955016194101,0.4850044983805899,0.0,0.0,1.0,0.0,0.0,0.0,1.0,0.0,0.0,0.0,1.0,0.0,0.0,0.0,0.6341355910108007,0.0,0.36586440898919936,0.0
51,1,2,2,0,2943,0.48295123400972634,0.3302717114707377,0.18677705451953588,0.0,0.35950157330210714,0.37417311083194765,0.26632531586594516,0.0,0.5024999791668749,0.49750002083312495,0.0,0.0,0.36635099387435277,0.16962529775263196,0.250533306937262,0.21349040143575324,0.5695462239392289,0.43045377606077095,0.0,0.0,0.3295988401911314,0.6704011598088686,0.0,0.0,0.4925005624493796,0.5074994375506204,0.0,0.0,0.5124973964842103,0.48750260351578967,0.0,0.0,0.35663485430559827,0.6433651456944017,0.0,0.0,0.6082590307465144,0.3917409692534856,0.0,0.0,0.0,1.0,0.0,0.0,0.31616834896399854,0.20982520387514475,0.251206377299897,0.2228000698609597
52,1,1,1,0,3601,0.7130001627522816,0.0,0.2869998372477183,0.0,0.0,0.0,1.0,0.0,0.0,1.0,0.0,0.0,0.0,0.0,0.0,1.0,1.0,0.0,0.0,0.0,0.0,1.0,0.0,0.0,0.0,0.0,0.0,1.0,0.5621765008857981,0.43782349911420193,0.0,0.0,0.0,1.0,0.0,0.0,0.574442516811659,0.425557483188341,0.0,0.0,0.0,1.0,0.0,0.0,0.29341967999139623,0.24264608444762353,0.2550868152286025,0.20884742033237774
53,1,3,1,1,4054,0.3195446770305201,0.4767046411939329,0.203750681775547,0.0,0.0,0.4476920904256747,0.5523079095743253,0.0,0.3775406687981454,0.6224593312018546,0.0,0.0,0.0,0.0,0.6271477663131956,0.3728522336868044,0.0,1.0,0.0,0.0,0.0,0.6813537337890255,0.0,0.31864626621097447,0.0,0.5646362918030291,0.4353637081969708,0.0,0.0,0.0,0.3362613025956473,0.6637386974043527,0.41095956594133487,0.589040434058665,0.0,0.0,0.5523079095743253,0.4476920904256748,0.0,0.0,0.32739298293223956,0.6726070170677604,0.0,0.0,0.6433651456944018,0.0,0.35663485430559827,0.0
54,1,4,3,0,3899,0.0,0.4430918973637355,0.3185492811061726,0.23835882153009194,0.26302013825457704,0.0,0.4124976878539621,0.324482173891461,0.2813022676095545,0.4974175313075705,0.22128020108287508,0.0,0.0,0.0,0.3917409692534856,0.6082590307465144,0.44772504228562643,0.36656626104238227,0.1857086966719913,0.0,0.43045377606077095,0.5695462239392289,0.0,0.0,0.1949535159701115,0.4426419263365095,0.362404557693379,0.0,0.47065174629768763,0.0,0.22010802055701387,0.3092402331452986,0.5149955016194101,0.4850044983805899,0.0,0.0,0.0,1.0,0.0,0.0,0.0,1.0,0.0,0.0,0.43790745264582004,0.265604296146348,0.296488251207832,0.0
55,2,1,1,0,4046,0.4353362042310098,0.3257462212740063,0.23891757449498377,0.0,0.21336749805123165,0.3482832278803231,0.43834927406844526,0.0,0.48352111545655285,0.2903522920940352,0.22612659244941188,0.0,0.0,0.22392893743005757,0.4420083431952158,0.3340627193747266,0.4182406231581638,0.5817593768418363,0.0,0.0,0.23929052935319978,0.47707724532943413,0.283632225317366,0.0,0.2308831598326028,0.5190040989768082,0.25011274119058907,0.0,0.24780937769951583,0.42101135815236485,0.3311792641481194,0.0,0.33331259164233334,0.4410158268294253,0.2256715815282413,0.0,0.5,0.5,0.0,0.0,0.31431988606174616,0.6856801139382538,0.0,0.0,0.16102008380738378,0.25506772582090786,0.37298160472994757,0.21093058564176095
56,1,2,1,0,3011,0.3295988401911314,0.0,0.6704011598088686,0.0,0.0,0.0,1.0,0.0,1.0,0.0,0.0,0.0,0.0,0.0,1.0,0.0,1.0,0.0,0.0,0.0,1.0,0.0,0.0,0.0,0.0,0.0,1.0,0.0,0.0,0.0,1.0,0.0,1.0,0.0,0.0,0.0,1.0,0.0,0.0,0.0,0.0,1.0,0.0,0.0,0.0,0.0,1.0,0.0
57,1,2,1,0,2384,0.7211151780228631,0.0,0.27888482197713693,0.0,0.0,1.0,0.0,0.0,0.0,1.0,0.0,0.0,0.0,1.0,0.0,0.0,0.0,1.0,0.0,0.0,0.0,1.0,0.0,0.0,0.0,1.0,0.0,0.0,0.0,1.0,0.0,0.0,0.0,1.0,0.0,0.0,0.0,1.0,0.0,0.0,0.0,1.0,0.0,0.0,0.0,1.0,0.0,0.0
58,1,2,1,0,2036,0.0,0.0,1.0,0.0,0.0,0.0,1.0,0.0,0.42311473886795364,0.5768852611320463,0.0,0.0,0.0,0.0,0.6984652160025387,0.30153478399746125,0.5547792351072147,0.4452207648927852,0.0,0.0,0.0,0.3444903000953095,0.33430907307827834,0.3212006268264121,0.0,0.0,0.46008511544443426,0.5399148845555657,0.0,0.0,0.42067574785125056,0.5793242521487495,0.4353637081969708,0.5646362918030291,0.0,0.0,0.45264238185691075,0.5473576181430893,0.0,0.0,0.0,1.0,0.0,0.0,0.0,0.0,1.0,0.0
59,1,2,1,0,2981,0.463012314517537,0.0,0.19397972648785725,0.34300795899460573,0.0,0.0,0.5,0.5,1.0,0.0,0.0,0.0,0.0,0.2914690996622383,0.3595790334086488,0.348951866929113,1.0,0.0,0.0,0.0,0.0,0.0,0.5,0.5,0.0,0.0,0.4950001666600003,0.5049998333399998,1.0,0.0,0.0,0.0,1.0,0.0,0.0,0.0,1.0,0.0,0.0,0.0,1.0,0.0,0.0,0.0,1.0,0.0,0.0,0.0
60,2,2,2,2,4000,0.7211151780228631,0.0,0.27888482197713693,0.0,0.0,0.35434369377420455,0.6456563062257955,0.0,0.5,0.5,0.0,0.0,0.0,0.0,1.0,0.0,0.6456563062257955,0.35434369377420455,0.0,0.0,0.0,0.35434369377420455,0.0,0.6456563062257955,0.0,0.0,0.0,1.0,0.0,0.0,0.0,1.0,1.0,0.0,0.0,0.0,1.0,0.0,0.0,0.0,0.0,1.0,0.0,0.0,0.0,0.0,1.0,0.0
61,1,2,1,0,2000,0.34850998654094933,0.34850998654094933,0.3029800269181013,0.0,0.20653972919180397,0.2787994725639191,0.30812106905247283,0.20653972919180397,0.5,0.5,0.0,0.0,0.21753338127646799,0.24041156669741398,0.32452167074965,0.21753338127646799,0.5,0.5,0.0,0.0,0.2226266756414417,0.2226266756414417,0.3321199730756749,0.2226266756414417,0.20988567612072867,0.22064674484906155,0.3131126353180397,0.2563549437121701,0.2121688395855191,0.3165187149635662,0.2121688395855191,0.25914360586539564,0.5,0.5,0.0,0.0,0.5049998333399998,0.4950001666600003,0.0,0.0,0.0,1.0,0.0,0.0,0.3324434244811879,0.406047315593535,0.2615092599252771,0.0
62,1,2,1,0,3045,0.3422577687034938,0.0,0.2560990190415557,0.40164321225495053,0.0,0.0,1.0,0.0,0.0,1.0,0.0,0.0,0.0,0.0,0.0,1.0,1.0,0.0,0.0,0.0,0.0,0.0,1.0,0.0,0.0,0.0,0.0,1.0,0.0,0.0,1.0,0.0,0.0,1.0,0.0,0.0,0.49750002083312495,0.5024999791668749,0.0,0.0,0.0,1.0,0.0,0.0,0.0,0.0,1.0,0.0
63,2,2,1,0,3039,0.4061268970658573,0.0,0.5938731029341426,0.0,0.31002551887238755,0.0,0.6899744811276125,0.0,0.598687660112452,0.401312339887548,0.0,0.0,0.0,0.0,0.6899744811276125,0.31002551887238755,0.0,0.0,0.6899744811276125,0.31002551887238755,0.28638321983216986,0.4272335603356603,0.0,0.28638321983216986,0.3744869464185019,0.3744869464185019,0.0,0.25102610716299617,0.549833997312478,0.45016600268752216,0.0,0.0,1.0,0.0,0.0,0.0,1.0,0.0,0.0,0.0,0.5,0.5,0.0,0.0,0.47673002738803977,0.26163498630598014,0.26163498630598014,0.0
64,1,2,2,1,1992,0.7290879223493065,0.0,0.27091207765069353,0.0,1.0,0.0,0.0,0.0,1.0,0.0,0.0,0.0,0.0,0.0,1.0,0.0,1.0,0.0,0.0,0.0,0.0,1.0,0.0,0.0,0.0,0.0,1.0,0.0,0.0,0.0,0.0,1.0,0.0,1.0,0.0,0.0,1.0,0.0,0.0,0.0,0.0,1.0,0.0,0.0,1.0,0.0,0.0,0.0
65,1,2,2,2,3047,0.7231218051243898,0.0,0.27687819487561016,0.0,1.0,0.0,0.0,0.0,1.0,0.0,0.0,0.0,0.0,0.0,1.0,0.0,1.0,0.0,0.0,0.0,0.0,1.0,0.0,0.0,0.0,1.0,0.0,0.0,0.0,1.0,0.0,0.0,1.0,0.0,0.0,0.0,1.0,0.0,0.0,0.0,0.0,1.0,0.0,0.0,0.0,1.0,0.0,0.0
66,1,2,1,0,1425,0.7211151780228631,0.0,0.27888482197713693,0.0,0.0,0.0,1.0,0.0,0.4476920904256748,0.5523079095743253,0.0,0.0,0.0,0.0,1.0,0.0,1.0,0.0,0.0,0.0,0.5,0.5,0.0,0.0,0.0,0.0,0.45016600268752216,0.549833997312478,1.0,0.0,0.0,0.0,0.5,0.5,0.0,0.0,1.0,0.0,0.0,0.0,0.0,1.0,0.0,0.0,1.0,0.0,0.0,0.0
67,1,2,1,0,2519,0.38438974826089617,0.2847629293549305,0.3308473223841733,0.0,0.401312339887548,0.0,0.598687660112452,0.0,0.0,1.0,0.0,0.0,0.0,0.0,1.0,0.0,0.4925005624493796,0.5074994375506204,0.0,0.0,0.0,1.0,0.0,0.0,0.0,0.4900013331200346,0.5099986668799655,0.0,0.5074994375506204,0.0,0.4925005624493796,0.0,0.0,1.0,0.0,0.0,1.0,0.0,0.0,0.0,0.0,1.0,0.0,0.0,1.0,0.0,0.0,0.0
68,1,2,1,0,2000,0.5249791874789399,0.0,0.47502081252106,0.0,0.0,0.0,1.0,0.0,0.35434369377420455,0.6456563062257955,0.0,0.0,0.0,0.0,0.0,1.0,1.0,0.0,0.0,0.0,0.6456563062257955,0.35434369377420455,0.0,0.0,0.549833997312478,0.0,0.0,0.45016600268752216,0.549833997312478,0.45016600268752216,0.0,0.0,0.0,1.0,0.0,0.0,0.549833997312478,0.45016600268752216,0.0,0.0,0.0,1.0,0.0,0.0,0.3513716852892231,0.0,0.3883257680168782,0.26030254669389874
69,2,2,2,1,3027,0.3062971583098553,0.4478936143839965,0.24580922730614807,0.0,0.2822765264672307,0.3552732390145151,0.36245023451825414,0.0,0.4850044983805899,0.5149955016194101,0.0,0.0,0.3504112205260283,0.2812115914891132,0.36837718798485847,0.0,0.6106392339492219,0.389360766050778,0.0,0.0,0.0,1.0,0.0,0.0,0.36032658245669635,0.33262335830340845,0.0,0.3070500592398952,0.3405246568179864,0.35442173169432567,0.0,0.30505361148768784,0.35434369377420455,0.6456563062257954,0.0,0.0,0.5324543063873187,0.4675456936126812,0.0,0.0,0.0,1.0,0.0,0.0,0.34638987180995656,0.34638987180995656,0.3072202563800869,0.0
70,1,2,2,0,3079,0.24080455278217278,0.0,0.541306477427102,0.21788896979072514,0.0,0.0,0.6410674063348171,0.35893259366518293,0.5206902470259932,0.0,0.2611657673043311,0.21814398566967572,0.0,0.0,0.6704011598088686,0.3295988401911314,0.5086003560850972,0.0,0.26287077276553594,0.22852887114936676,0.0,0.0,0.44275214540144436,0.5572478545985555,0.0,0.0,0.5299640517645717,0.4700359482354282,0.0,0.0,0.6410674063348171,0.35893259366518293,0.6615031592029524,0.0,0.3384968407970476,0.0,1.0,0.0,0.0,0.0,0.0,1.0,0.0,0.0,0.0,0.0,0.6547534606063192,0.3452465393936808
71,1,2,1,0,2000,0.0,0.0,0.6570104626734988,0.34298953732650117,0.0,0.0,0.3989121211516302,0.6010878788483698,0.35663485430559827,0.6433651456944018,0.0,0.0,0.0,0.0,0.31864626621097447,0.6813537337890255,0.35434369377420455,0.6456563062257954,0.0,0.0,0.0,1.0,0.0,0.0,0.0,1.0,0.0,0.0,0.0,1.0,0.0,0.0,0.0,1.0,0.0,0.0,0.0,1.0,0.0,0.0,0.0,1.0,0.0,0.0,0.22427784004916834,0.2311081171439672,0.2967486964157018,0.24786534639116264
72,1,2,2,0,3500,0.3333107191752407,0.4071066317249888,0.2595826490997706,0.0,0.0,0.6456563062257955,0.35434369377420455,0.0,0.0,1.0,0.0,0.0,0.0,0.34978145142617295,0.6502185485738271,0.0,0.6456563062257955,0.35434369377420455,0.0,0.0,0.0,1.0,0.0,0.0,0.0,0.6899744811276125,0.31002551887238755,0.0,0.0,1.0,0.0,0.0,0.0,1.0,0.0,0.0,0.35434369377420455,0.6456563062257955,0.0,0.0,0.0,1.0,0.0,0.0,0.0,0.598687660112452,0.401312339887548,0.0
73,1,2,2,0,2500,0.5103086500970123,0.253411776035809,0.23627957386717854,0.0,0.2505102249598367,0.3152921716218862,0.43419760341827707,0.0,0.0,1.0,0.0,0.0,0.0,0.0,1.0,0.0,1.0,0.0,0.0,0.0,0.0,1.0,0.0,0.0,0.0,1.0,0.0,0.0,1.0,0.0,0.0,0.0,0.0,1.0,0.0,0.0,1.0,0.0,0.0,0.0,0.0,1.0,0.0,0.0,1.0,0.0,0.0,0.0
74,1,2,1,0,2000,0.3235537038833594,0.0,0.43675181691079074,0.23969447920584974,0.2583896517379799,0.0,0.4260125149492058,0.3155978333128144,0.0,1.0,0.0,0.0,0.3006096053557273,0.0,0.3671654011109255,0.3322249935333472,0.36485455053318794,0.36485455053318794,0.2702908989336242,0.0,0.425557483188341,0.574442516811659,0.0,0.0,0.3130378848668605,0.1717988337531952,0.258869538160961,0.2562937432189833,0.38321142944505454,0.0,0.27004453017401303,0.34674404038093243,0.31624105822468146,0.4717762210677908,0.21198272070752777,0.0,0.35434369377420455,0.6456563062257954,0.0,0.0,0.0,1.0,0.0,0.0,0.346523656323331,0.0,0.3753845955385064,0.2780917481381626
75,1,2,2,1,3089,0.21856013849825404,0.2950253279368993,0.48641453356484665,0.0,0.20462760063776872,0.2549816915906511,0.37285579820087933,0.1675349095707009,0.25,0.25,0.25,0.25,0.0,0.27866574463075994,0.4283810124888198,0.2929532428804202,0.5962826992967879,0.40371730070321216,0.0,0.0,0.0,1.0,0.0,0.0,0.0,0.0,1.0,0.0,0.0,0.5817593768418363,0.4182406231581638,0.0,0.5124973964842103,0.48750260351578967,0.0,0.0,0.5299640517645717,0.4700359482354282,0.0,0.0,0.199363167266216,0.4136946422786172,0.19347109522758343,0.19347109522758343,0.3373902121468638,0.3511593679095114,0.0,0.3114504199436248
76,1,2,2,1,4901,0.34293135610400477,0.30720961486149695,0.3498590290344983,0.0,0.0,0.0,1.0,0.0,1.0,0.0,0.0,0.0,0.32739298293223956,0.0,0.6726070170677604,0.0,1.0,0.0,0.0,0.0,0.0,0.0,1.0,0.0,0.0,1.0,0.0,0.0,0.0,0.0,1.0,0.0,1.0,0.0,0.0,0.0,0.0,0.0,1.0,0.0,0.3362613025956473,0.6637386974043527,0.0,0.0,1.0,0.0,0.0,0.0
77,1,2,1,0,4868,0.5224848247918001,0.0,0.4775151752081999,0.0,0.0,0.0,1.0,0.0,1.0,0.0,0.0,0.0,0.0,0.0,1.0,0.0,1.0,0.0,0.0,0.0,0.0,1.0,0.0,0.0,0.0,0.5024999791668749,0.0,0.49750002083312495,0.0,0.0,0.0,1.0,1.0,0.0,0.0,0.0,1.0,0.0,0.0,0.0,0.0,1.0,0.0,0.0,0.5224848247918001,0.4775151752081999,0.0,0.0
78,2,3,2,2,2500,0.0,0.3762468597561336,0.23990558973980006,0.3838475505040664,0.0,0.35893259366518293,0.0,0.6410674063348171,1.0,0.0,0.0,0.0,0.0,0.0,0.0,1.0,0.5473576181430893,0.45264238185691075,0.0,0.0,0.0,1.0,0.0,0.0,0.0,0.49750002083312495,0.0,0.5024999791668749,0.5890404340586651,0.41095956594133487,0.0,0.0,1.0,0.0,0.0,0.0,1.0,0.0,0.0,0.0,0.0,1.0,0.0,0.0,0.6318124177361016,0.3681875822638983,0.0,0.0
79,2,2,1,2,3000,0.0,0.4700359482354282,0.5299640517645717,0.0,0.0,0.0,1.0,0.0,0.0,1.0,0.0,0.0,0.0,1.0,0.0,0.0,0.5,0.5,0.0,0.0,0.0,0.0,1.0,0.0,0.0,1.0,0.0,0.0,0.0,1.0,0.0,0.0,1.0,0.0,0.0,0.0,1.0,0.0,0.0,0.0,0.0,1.0,0.0,0.0,0.0,0.5,0.5,0.0
80,2,3,4,1,10000,0.0,0.0,0.29317777890643243,0.7068222210935675,0.0,0.0,0.0,1.0,0.0,0.0,0.0,1.0,0.0,0.0,0.0,1.0,0.0,0.0,0.0,1.0,0.0,0.0,0.0,1.0,0.0,0.0,0.0,1.0,0.0,0.0,0.27888482197713693,0.7211151780228631,0.0,0.0,0.0,1.0,0.0,0.0,0.0,1.0,0.0,0.0,0.0,1.0,0.0,0.0,0.0,1.0
81,1,2,2,0,4000,0.4534177270553122,0.37122703713090266,0.17535523581378515,0.0,0.3671654011109255,0.3006096053557273,0.3322249935333472,0.0,0.0,1.0,0.0,0.0,0.26265358140309386,0.23765878843467322,0.24984381508111642,0.24984381508111642,0.5249791874789399,0.47502081252106,0.0,0.0,0.45016600268752216,0.549833997312478,0.0,0.0,0.27406861906119695,0.45186276187760605,0.0,0.27406861906119695,0.4409054983951879,0.3609828907373151,0.0,0.19811161086749707,0.0,1.0,0.0,0.0,0.549833997312478,0.45016600268752216,0.0,0.0,0.0,1.0,0.0,0.0,0.549833997312478,0.45016600268752216,0.0,0.0
82,1,2,1,0,3008,0.0,0.45016600268752216,0.549833997312478,0.0,0.0,0.35205919791934975,0.6479408020806502,0.0,0.0,1.0,0.0,0.0,0.0,0.320821300824607,0.679178699175393,0.0,0.45264238185691075,0.5473576181430893,0.0,0.0,0.0,1.0,0.0,0.0,0.0,0.5024999791668749,0.49750002083312495,0.0,0.25,0.25,0.25,0.25,0.38461624360881785,0.6153837563911823,0.0,0.0,0.5399148845555657,0.46008511544443437,0.0,0.0,0.0,1.0,0.0,0.0,0.3705168880326052,0.6294831119673949,0.0,0.0
83,1,2,2,0,2519,0.0,0.0,1.0,0.0,0.0,0.0,1.0,0.0,0.6456563062257954,0.35434369377420455,0.0,0.0,0.0,0.0,1.0,0.0,1.0,0.0,0.0,0.0,0.0,1.0,0.0,0.0,0.0,0.0,1.0,0.0,0.0,0.0,1.0,0.0,1.0,0.0,0.0,0.0,1.0,0.0,0.0,0.0,0.0,1.0,0.0,0.0,1.0,0.0,0.0,0.0
84,1,2,1,2,10000,0.0,0.7271082163411295,0.2728917836588705,0.0,0.0,1.0,0.0,0.0,0.0,1.0,0.0,0.0,0.0,1.0,0.0,0.0,0.0,1.0,0.0,0.0,0.0,1.0,0.0,0.0,0.0,1.0,0.0,0.0,0.0,1.0,0.0,0.0,0.0,1.0,0.0,0.0,0.0,1.0,0.0,0.0,0.0,1.0,0.0,0.0,0.0,1.0,0.0,0.0
85,2,2,2,0,2000,0.37365390740923765,0.2335345396834678,0.39281155290729464,0.0,0.2802865483474333,0.2317855212773678,0.2802865483474333,0.20764138202776578,0.5962826992967879,0.40371730070321216,0.0,0.0,0.276335964806365,0.1709921055809049,0.276335964806365,0.276335964806365,0.6082590307465144,0.3917409692534856,0.0,0.0,0.425557483188341,0.574442516811659,0.0,0.0,0.3316957116267074,0.2557545044540152,0.1857158871365421,0.22683389678273536,0.39015296007209915,0.236639732261367,0.19964461631770355,0.17356269134883037,0.0,1.0,0.0,0.0,0.6034832498647263,0.3965167501352737,0.0,0.0,0.0,1.0,0.0,0.0,0.3295296120532778,0.25155614861825065,0.4189142393284716,0.0
